add_id,delivery_address1,delivery_address2,delivery_city,delivery_zipcode
1,101 Maple Road,Unit 2,Los Angeles,92098
2,102 Maple Road,,Los Angeles,91545
3,103 Maple Road,,Los Angeles,90244
4,104 Maple Road,,Los Angeles,91803
5,105 Maple Road,,Los Angeles,91007
6,106 Maple Road,,Los Angeles,91338
7,107 Maple Road,,Los Angeles,92285
8,108 Maple Road,,Los Angeles,93304
9,109 Maple Road,,Los Angeles,93329
10,110 Maple Road,,Los Angeles,90215
11,111 Maple Road,,Los Angeles,90931
12,112 Maple Road,,Los Angeles,93471
13,113 Maple Road,,Los Angeles,91821
14,115 Maple Road,,Los Angeles,91038
15,116 Maple Road,Unit 5,Los Angeles,90981
16,117 Maple Road,,Los Angeles,93270
17,118 Maple Road,,Los Angeles,90748
18,119 Maple Road,,Los Angeles,91008
19,120 Maple Road,Unit 6,Los Angeles,92131
20,121 Maple Road,,Los Angeles,92356
21,122 Maple Road,,Los Angeles,92146
22,123 Maple Road,,Los Angeles,90240
23,124 Maple Road,,Los Angeles,93461
24,125 Maple Road,,Los Angeles,91598
25,126 Maple Road,,Los Angeles,90332
26,127 Maple Road,,Los Angeles,93014
27,128 Maple Road,,Los Angeles,91713
28,129 Maple Road,,Los Angeles,91590
29,130 Maple Road,,Los Angeles,92998
30,131 Maple Road,,Los Angeles,93114
31,132 Maple Road,,Los Angeles,90357
32,133 Maple Road,,Los Angeles,90600
33,134 Maple Road,,Los Angeles,91103
34,135 Maple Road,,Los Angeles,90989
35,136 Maple Road,,Los Angeles,92335
36,137 Maple Road,,Los Angeles,92478
37,138 Maple Road,,Los Angeles,92948
38,139 Maple Road,,Los Angeles,92567
39,140 Maple Road,,Los Angeles,92799
40,141 Maple Road,,Los Angeles,93026
41,142 Maple Road,,Los Angeles,93229
42,143 Maple Road,,Los Angeles,92006
43,144 Maple Road,,Los Angeles,91044
44,145 Maple Road,,Los Angeles,93093
45,146 Maple Road,,Los Angeles,90995
46,147 Maple Road,,Los Angeles,90604
47,148 Maple Road,,Los Angeles,90378
48,149 Maple Road,,Los Angeles,91592
49,150 Maple Road,,Los Angeles,92173
50,151 Maple Road,,Los Angeles,91089
51,152 Maple Road,,Los Angeles,93097
52,153 Maple Road,,Los Angeles,93002
53,154 Maple Road,,Los Angeles,90849
54,155 Maple Road,,Los Angeles,93193
55,156 Maple Road,Unit 3,Los Angeles,93057
56,157 Maple Road,,Los Angeles,91944
57,159 Maple Road,,Los Angeles,91019
58,160 Maple Road,,Los Angeles,91187
59,162 Maple Road,,Los Angeles,91140
60,163 Maple Road,,Los Angeles,91952
61,164 Maple Road,,Los Angeles,90250
62,165 Maple Road,,Los Angeles,91829
63,166 Maple Road,,Los Angeles,90573
64,167 Maple Road,,Los Angeles,91489
65,168 Maple Road,,Los Angeles,92842
66,169 Maple Road,Unit 10,Los Angeles,92721
67,170 Maple Road,,Los Angeles,91030
68,171 Maple Road,,Los Angeles,91930
69,172 Maple Road,,Los Angeles,92634
70,173 Maple Road,,Los Angeles,93336
71,174 Maple Road,,Los Angeles,92087
72,175 Maple Road,,Los Angeles,90340
73,176 Maple Road,,Los Angeles,91942
74,177 Maple Road,,Los Angeles,91389
75,178 Maple Road,,Los Angeles,92072
76,179 Maple Road,,Los Angeles,90766
77,180 Maple Road,,Los Angeles,90855
78,181 Maple Road,,Los Angeles,91348
79,182 Maple Road,,Los Angeles,90275
80,183 Maple Road,,Los Angeles,91335
81,184 Maple Road,,Los Angeles,91506
82,185 Maple Road,,Los Angeles,90517
83,186 Maple Road,,Los Angeles,92713
84,187 Maple Road,,Los Angeles,92309
85,189 Maple Road,,Los Angeles,91325
86,190 Maple Road,,Los Angeles,91704
87,191 Maple Road,,Los Angeles,93228
88,192 Maple Road,,Los Angeles,91304
89,193 Maple Road,,Los Angeles,92389
90,194 Maple Road,Unit 9,Los Angeles,92321
91,195 Maple Road,,Los Angeles,93110
92,196 Maple Road,,Los Angeles,90048
93,197 Maple Road,,Los Angeles,91654
94,198 Maple Road,,Los Angeles,91752
95,199 Maple Road,,Los Angeles,92753
96,200 Maple Road,,Los Angeles,90300
97,201 Maple Road,,Los Angeles,91881
98,202 Maple Road,,Los Angeles,91755
99,203 Maple Road,,Los Angeles,91502
100,204 Maple Road,,Los Angeles,90577
101,205 Maple Road,,Los Angeles,90160
102,206 Maple Road,,Los Angeles,92668
103,207 Maple Road,,Los Angeles,92432
104,208 Maple Road,,Los Angeles,92781
105,209 Maple Road,,Los Angeles,92225
106,210 Maple Road,,Los Angeles,90223
107,211 Maple Road,,Los Angeles,90592
108,212 Maple Road,,Los Angeles,92154
109,213 Maple Road,,Los Angeles,92121
110,214 Maple Road,,Los Angeles,91377
111,215 Maple Road,,Los Angeles,91927
112,216 Maple Road,,Los Angeles,91049
113,217 Maple Road,,Los Angeles,92922
114,218 Maple Road,,Los Angeles,92029
115,219 Maple Road,,Los Angeles,90946
116,220 Maple Road,,Los Angeles,90002
117,221 Maple Road,,Los Angeles,91886
118,222 Maple Road,,Los Angeles,90979
119,223 Maple Road,,Los Angeles,92724
120,224 Maple Road,,Los Angeles,90888
121,225 Maple Road,,Los Angeles,92618
122,226 Maple Road,,Los Angeles,91778
123,227 Maple Road,,Los Angeles,91176
124,228 Maple Road,,Los Angeles,92056
125,229 Maple Road,,Los Angeles,93198
126,230 Maple Road,,Los Angeles,90587
127,231 Maple Road,,Los Angeles,92497
128,232 Maple Road,,Los Angeles,92317
129,233 Maple Road,,Los Angeles,90284
130,234 Maple Road,,Los Angeles,90844
131,235 Maple Road,,Los Angeles,92934
132,236 Maple Road,,Los Angeles,90396
133,237 Maple Road,,Los Angeles,90634
134,238 Maple Road,,Los Angeles,91577
135,239 Maple Road,,Los Angeles,92683
136,240 Maple Road,,Los Angeles,92810
137,241 Maple Road,,Los Angeles,92577
138,242 Maple Road,,Los Angeles,91899
139,243 Maple Road,,Los Angeles,91596
140,244 Maple Road,,Los Angeles,91642
141,245 Maple Road,,Los Angeles,92372
142,246 Maple Road,,Los Angeles,93375
143,247 Maple Road,,Los Angeles,93358
144,248 Maple Road,,Los Angeles,92260
145,249 Maple Road,,Los Angeles,92034
146,250 Maple Road,,Los Angeles,92609
147,251 Maple Road,,Los Angeles,93295
148,252 Maple Road,,Los Angeles,91557
149,253 Maple Road,,Los Angeles,90862
150,254 Maple Road,,Los Angeles,91850
151,255 Maple Road,,Los Angeles,90347
152,256 Maple Road,,Los Angeles,90830
153,257 Maple Road,,Los Angeles,90942
154,258 Maple Road,,Los Angeles,93587
155,259 Maple Road,,Los Angeles,91288
156,260 Maple Road,,Los Angeles,91378
157,261 Maple Road,,Los Angeles,90890
158,262 Maple Road,,Los Angeles,92049
159,263 Maple Road,,Los Angeles,91968
160,264 Maple Road,,Los Angeles,93075
161,265 Maple Road,,Los Angeles,91623
162,267 Maple Road,,Los Angeles,90992
163,268 Maple Road,,Los Angeles,92996
164,269 Maple Road,,Los Angeles,92523
165,270 Maple Road,,Los Angeles,93557
166,271 Maple Road,,Los Angeles,90898
167,272 Maple Road,,Los Angeles,93003
168,273 Maple Road,,Los Angeles,91042
169,274 Maple Road,,Los Angeles,90628
170,275 Maple Road,,Los Angeles,91709
171,276 Maple Road,Unit 11,Los Angeles,92570
172,277 Maple Road,,Los Angeles,92291
173,278 Maple Road,,Los Angeles,90268
174,279 Maple Road,,Los Angeles,91604
175,280 Maple Road,,Los Angeles,93357
176,281 Maple Road,,Los Angeles,90605
177,282 Maple Road,,Los Angeles,91725
178,283 Maple Road,,Los Angeles,90694
179,284 Maple Road,,Los Angeles,92041
180,285 Maple Road,,Los Angeles,93480
181,286 Maple Road,,Los Angeles,92642
182,287 Maple Road,,Los Angeles,91679
183,288 Maple Road,,Los Angeles,91575
184,289 Maple Road,,Los Angeles,91734
185,290 Maple Road,,Los Angeles,92509
186,291 Maple Road,,Los Angeles,91225
187,292 Maple Road,,Los Angeles,92465
188,294 Maple Road,,Los Angeles,93322
189,296 Maple Road,,Los Angeles,92671
190,297 Maple Road,,Los Angeles,90641
191,298 Maple Road,,Los Angeles,91352
192,299 Maple Road,,Los Angeles,91705
193,300 Maple Road,,Los Angeles,92256
194,301 Maple Road,,Los Angeles,90410
195,302 Maple Road,,Los Angeles,91142
196,304 Maple Road,,Los Angeles,90009
197,305 Maple Road,,Los Angeles,90028
198,306 Maple Road,,Los Angeles,91192
199,307 Maple Road,,Los Angeles,90856
200,308 Maple Road,,Los Angeles,93536
201,309 Maple Road,,Los Angeles,91351
202,310 Maple Road,,Los Angeles,92961
203,311 Maple Road,,Los Angeles,90793
204,312 Maple Road,,Los Angeles,93321
205,313 Maple Road,,Los Angeles,92715
206,314 Maple Road,,Los Angeles,90338
207,315 Maple Road,,Los Angeles,90551
208,316 Maple Road,,Los Angeles,93571
209,317 Maple Road,,Los Angeles,92088
210,318 Maple Road,,Los Angeles,90379
211,319 Maple Road,,Los Angeles,92695
212,320 Maple Road,,Los Angeles,93135
213,321 Maple Road,,Los Angeles,90733
214,322 Maple Road,,Los Angeles,90333
215,323 Maple Road,,Los Angeles,93447
216,324 Maple Road,,Los Angeles,92044
217,325 Maple Road,,Los Angeles,91605
218,326 Maple Road,,Los Angeles,90133
219,327 Maple Road,,Los Angeles,91457
220,328 Maple Road,,Los Angeles,93257
221,329 Maple Road,,Los Angeles,93537
222,330 Maple Road,,Los Angeles,91754
223,332 Maple Road,,Los Angeles,92752
224,333 Maple Road,,Los Angeles,92484
225,334 Maple Road,,Los Angeles,90489
226,335 Maple Road,,Los Angeles,90351
227,336 Maple Road,,Los Angeles,92501
228,337 Maple Road,,Los Angeles,93347
229,338 Maple Road,,Los Angeles,93159
230,339 Maple Road,,Los Angeles,90901
231,341 Maple Road,,Los Angeles,92472
232,342 Maple Road,,Los Angeles,92938
233,343 Maple Road,,Los Angeles,91838
234,344 Maple Road,,Los Angeles,92681
235,345 Maple Road,,Los Angeles,93399
236,346 Maple Road,,Los Angeles,90299
237,347 Maple Road,,Los Angeles,93452
238,348 Maple Road,,Los Angeles,91863
239,349 Maple Road,,Los Angeles,90822
240,350 Maple Road,,Los Angeles,90236
241,351 Maple Road,,Los Angeles,90279
242,352 Maple Road,,Los Angeles,90005
243,353 Maple Road,,Los Angeles,90964
244,354 Maple Road,,Los Angeles,92013
245,355 Maple Road,,Los Angeles,90607
246,356 Maple Road,,Los Angeles,91130
247,357 Maple Road,,Los Angeles,92555
248,358 Maple Road,,Los Angeles,91876
249,359 Maple Road,,Los Angeles,90911
250,360 Maple Road,,Los Angeles,92517
251,361 Maple Road,,Los Angeles,90412
252,362 Maple Road,,Los Angeles,90851
253,363 Maple Road,,Los Angeles,93247
254,364 Maple Road,,Los Angeles,90853
255,365 Maple Road,,Los Angeles,91110
256,366 Maple Road,,Los Angeles,92646
257,367 Maple Road,,Los Angeles,90743
258,368 Maple Road,,Los Angeles,90486
259,369 Maple Road,,Los Angeles,92459
260,370 Maple Road,,Los Angeles,93432
261,371 Maple Road,,Los Angeles,91931
262,372 Maple Road,,Los Angeles,93082
263,373 Maple Road,,Los Angeles,90655
264,374 Maple Road,,Los Angeles,90408
265,375 Maple Road,,Los Angeles,90436
266,377 Maple Road,,Los Angeles,91147
267,378 Maple Road,,Los Angeles,91420
268,379 Maple Road,,Los Angeles,93178
269,380 Maple Road,,Los Angeles,92498
270,381 Maple Road,,Los Angeles,90272
271,382 Maple Road,,Los Angeles,93084
272,383 Maple Road,,Los Angeles,91337
273,384 Maple Road,,Los Angeles,90172
274,385 Maple Road,,Los Angeles,90827
275,386 Maple Road,,Los Angeles,92508
276,387 Maple Road,,Los Angeles,93125
277,388 Maple Road,,Los Angeles,91698
278,389 Maple Road,,Los Angeles,90128
279,390 Maple Road,,Los Angeles,90836
280,391 Maple Road,,Los Angeles,93525
281,392 Maple Road,,Los Angeles,92588
282,393 Maple Road,,Los Angeles,91738
283,394 Maple Road,,Los Angeles,90547
284,395 Maple Road,,Los Angeles,90926
285,396 Maple Road,,Los Angeles,92953
286,397 Maple Road,,Los Angeles,91496
287,398 Maple Road,,Los Angeles,90082
288,399 Maple Road,,Los Angeles,91904
289,400 Maple Road,,Los Angeles,93502
290,401 Maple Road,,Los Angeles,93458
291,402 Maple Road,,Los Angeles,92645
292,403 Maple Road,,Los Angeles,92229
293,404 Maple Road,,Los Angeles,92360
294,405 Maple Road,,Los Angeles,91652
295,406 Maple Road,,Los Angeles,91865
296,407 Maple Road,,Los Angeles,93066
297,408 Maple Road,,Los Angeles,90919
298,409 Maple Road,,Los Angeles,92179
299,410 Maple Road,,Los Angeles,90971
300,411 Maple Road,,Los Angeles,90006
301,412 Maple Road,,Los Angeles,91727
302,413 Maple Road,,Los Angeles,91343
303,414 Maple Road,,Los Angeles,92706
304,415 Maple Road,,Los Angeles,90629
305,416 Maple Road,,Los Angeles,91238
306,417 Maple Road,,Los Angeles,90209
307,418 Maple Road,,Los Angeles,91234
308,419 Maple Road,,Los Angeles,90134
309,420 Maple Road,,Los Angeles,92419
310,421 Maple Road,,Los Angeles,93362
311,422 Maple Road,,Los Angeles,90871
312,423 Maple Road,,Los Angeles,92914
313,425 Maple Road,,Los Angeles,93034
314,426 Maple Road,,Los Angeles,92895
315,427 Maple Road,,Los Angeles,92387
316,428 Maple Road,,Los Angeles,93225
317,429 Maple Road,,Los Angeles,91417
318,430 Maple Road,,Los Angeles,90062
319,431 Maple Road,,Los Angeles,93421
320,432 Maple Road,,Los Angeles,92992
321,433 Maple Road,,Los Angeles,91619
322,434 Maple Road,,Los Angeles,90059
323,435 Maple Road,,Los Angeles,92902
324,436 Maple Road,,Los Angeles,93092
325,437 Maple Road,,Los Angeles,90446
326,438 Maple Road,,Los Angeles,92400
327,439 Maple Road,,Los Angeles,91547
328,440 Maple Road,,Los Angeles,90798
329,441 Maple Road,,Los Angeles,93012
330,442 Maple Road,,Los Angeles,92240
331,443 Maple Road,,Los Angeles,91662
332,444 Maple Road,,Los Angeles,90645
333,445 Maple Road,,Los Angeles,92751
334,446 Maple Road,,Los Angeles,90974
335,447 Maple Road,,Los Angeles,93191
336,448 Maple Road,,Los Angeles,92913
337,449 Maple Road,,Los Angeles,93111
338,450 Maple Road,,Los Angeles,92593
339,451 Maple Road,,Los Angeles,91786
340,452 Maple Road,,Los Angeles,90920
341,453 Maple Road,,Los Angeles,93345
342,454 Maple Road,,Los Angeles,92140
343,455 Maple Road,,Los Angeles,92390
344,456 Maple Road,,Los Angeles,90914
345,457 Maple Road,,Los Angeles,90879
346,458 Maple Road,,Los Angeles,91139
347,460 Maple Road,,Los Angeles,91573
348,461 Maple Road,,Los Angeles,92856
349,463 Maple Road,,Los Angeles,90552
350,464 Maple Road,,Los Angeles,91365
351,465 Maple Road,,Los Angeles,91309
352,466 Maple Road,,Los Angeles,92479
353,467 Maple Road,,Los Angeles,91150
354,469 Maple Road,,Los Angeles,91107
355,470 Maple Road,,Los Angeles,90110
356,471 Maple Road,,Los Angeles,91479
357,472 Maple Road,,Los Angeles,91539
358,473 Maple Road,,Los Angeles,92075
359,474 Maple Road,,Los Angeles,92587
360,475 Maple Road,,Los Angeles,91756
361,477 Maple Road,,Los Angeles,90847
362,478 Maple Road,,Los Angeles,91200
363,479 Maple Road,,Los Angeles,90348
364,480 Maple Road,,Los Angeles,90505
365,481 Maple Road,,Los Angeles,93296
366,482 Maple Road,,Los Angeles,92873
367,483 Maple Road,,Los Angeles,90364
368,484 Maple Road,,Los Angeles,93427
369,485 Maple Road,,Los Angeles,92931
370,486 Maple Road,,Los Angeles,91262
371,487 Maple Road,,Los Angeles,90667
372,488 Maple Road,,Los Angeles,90750
373,489 Maple Road,,Los Angeles,90302
374,490 Maple Road,,Los Angeles,92763
375,491 Maple Road,,Los Angeles,91849
376,492 Maple Road,,Los Angeles,90632
377,493 Maple Road,,Los Angeles,93126
378,494 Maple Road,,Los Angeles,92447
379,495 Maple Road,,Los Angeles,92408
380,496 Maple Road,,Los Angeles,93123
381,497 Maple Road,,Los Angeles,92673
382,498 Maple Road,,Los Angeles,93292
383,499 Maple Road,,Los Angeles,91471
384,500 Maple Road,,Los Angeles,92320
385,501 Maple Road,,Los Angeles,91029
386,502 Maple Road,,Los Angeles,92418
387,503 Maple Road,,Los Angeles,93422
388,504 Maple Road,,Los Angeles,90064
389,505 Maple Road,,Los Angeles,92791
390,506 Maple Road,,Los Angeles,92843
391,507 Maple Road,,Los Angeles,92573
392,508 Maple Road,,Los Angeles,91543
393,509 Maple Road,,Los Angeles,90290
394,510 Maple Road,,Los Angeles,90343
395,511 Maple Road,,Los Angeles,92967
396,514 Maple Road,,Los Angeles,92912
397,515 Maple Road,,Los Angeles,90392
398,516 Maple Road,,Los Angeles,91158
399,517 Maple Road,,Los Angeles,91318
400,518 Maple Road,,Los Angeles,90664
401,519 Maple Road,,Los Angeles,91156
402,520 Maple Road,,Los Angeles,92018
403,521 Maple Road,,Los Angeles,90480
404,522 Maple Road,,Los Angeles,93158
405,523 Maple Road,,Los Angeles,90754
406,524 Maple Road,,Los Angeles,93403
407,525 Maple Road,,Los Angeles,91002
408,526 Maple Road,,Los Angeles,90627
409,527 Maple Road,,Los Angeles,93005
410,528 Maple Road,,Los Angeles,93294
411,529 Maple Road,,Los Angeles,90719
412,530 Maple Road,,Los Angeles,91039
413,531 Maple Road,,Los Angeles,91665
414,532 Maple Road,,Los Angeles,92720
415,533 Maple Road,,Los Angeles,91548
416,534 Maple Road,,Los Angeles,92023
417,535 Maple Road,,Los Angeles,93241
418,536 Maple Road,,Los Angeles,91873
419,537 Maple Road,,Los Angeles,93238
420,538 Maple Road,,Los Angeles,92848
421,539 Maple Road,,Los Angeles,90863
422,541 Maple Road,,Los Angeles,91526
423,542 Maple Road,,Los Angeles,93570
424,543 Maple Road,,Los Angeles,90772
425,544 Maple Road,,Los Angeles,90859
426,545 Maple Road,,Los Angeles,91801
427,546 Maple Road,,Los Angeles,91621
428,547 Maple Road,,Los Angeles,92993
429,548 Maple Road,,Los Angeles,91009
430,549 Maple Road,,Los Angeles,93035
431,551 Maple Road,,Los Angeles,91680
432,552 Maple Road,,Los Angeles,92576
433,553 Maple Road,,Los Angeles,92463
434,554 Maple Road,,Los Angeles,92404
435,555 Maple Road,,Los Angeles,90980
436,556 Maple Road,,Los Angeles,93161
437,557 Maple Road,,Los Angeles,93394
438,558 Maple Road,,Los Angeles,91195
439,559 Maple Road,,Los Angeles,90615
440,560 Maple Road,,Los Angeles,93091
441,561 Maple Road,,Los Angeles,90543
442,562 Maple Road,,Los Angeles,90213
443,563 Maple Road,,Los Angeles,93219
444,564 Maple Road,,Los Angeles,93413
445,565 Maple Road,,Los Angeles,91533
446,566 Maple Road,,Los Angeles,91522
447,567 Maple Road,,Los Angeles,90331
448,568 Maple Road,,Los Angeles,91933
449,569 Maple Road,,Los Angeles,90258
450,570 Maple Road,,Los Angeles,90386
451,571 Maple Road,,Los Angeles,90704
452,572 Maple Road,,Los Angeles,90516
453,573 Maple Road,,Los Angeles,90861
454,574 Maple Road,,Los Angeles,90167
455,575 Maple Road,,Los Angeles,91768
456,576 Maple Road,,Los Angeles,90050
457,577 Maple Road,,Los Angeles,91970
458,578 Maple Road,,Los Angeles,91969
459,579 Maple Road,,Los Angeles,93368
460,580 Maple Road,,Los Angeles,93342
461,581 Maple Road,,Los Angeles,91098
462,582 Maple Road,,Los Angeles,90698
463,583 Maple Road,,Los Angeles,91394
464,584 Maple Road,,Los Angeles,90647
465,585 Maple Road,,Los Angeles,92519
466,586 Maple Road,,Los Angeles,93518
467,587 Maple Road,,Los Angeles,93106
468,588 Maple Road,,Los Angeles,93128
469,589 Maple Road,,Los Angeles,93010
470,590 Maple Road,,Los Angeles,93450
471,591 Maple Road,,Los Angeles,92973
472,592 Maple Road,,Los Angeles,93032
473,593 Maple Road,,Los Angeles,91202
474,594 Maple Road,,Los Angeles,90961
475,595 Maple Road,,Los Angeles,93501
476,596 Maple Road,,Los Angeles,91016
477,597 Maple Road,,Los Angeles,90387
478,598 Maple Road,,Los Angeles,92775
479,599 Maple Road,,Los Angeles,93386
480,600 Maple Road,,Los Angeles,90182
481,601 Maple Road,,Los Angeles,91449
482,602 Maple Road,,Los Angeles,91293
483,603 Maple Road,,Los Angeles,93504
484,604 Maple Road,,Los Angeles,93453
485,605 Maple Road,,Los Angeles,93142
486,606 Maple Road,,Los Angeles,91537
487,608 Maple Road,,Los Angeles,90023
488,609 Maple Road,,Los Angeles,91344
489,612 Maple Road,,Los Angeles,91391
490,613 Maple Road,,Los Angeles,92990
491,614 Maple Road,,Los Angeles,90406
492,615 Maple Road,,Los Angeles,92764
493,617 Maple Road,,Los Angeles,92393
494,618 Maple Road,,Los Angeles,92232
495,619 Maple Road,,Los Angeles,91611
496,620 Maple Road,,Los Angeles,93459
497,621 Maple Road,,Los Angeles,90876
498,622 Maple Road,,Los Angeles,91274
499,623 Maple Road,,Los Angeles,92385
500,624 Maple Road,,Los Angeles,90686
501,625 Maple Road,,Los Angeles,91544
502,626 Maple Road,,Los Angeles,93562
503,627 Maple Road,,Los Angeles,92597
504,628 Maple Road,,Los Angeles,91317
505,629 Maple Road,,Los Angeles,91627
506,630 Maple Road,,Los Angeles,93060
507,631 Maple Road,,Los Angeles,90071
508,632 Maple Road,,Los Angeles,91258
509,633 Maple Road,,Los Angeles,92893
510,634 Maple Road,,Los Angeles,90075
511,635 Maple Road,,Los Angeles,91216
512,636 Maple Road,,Los Angeles,92979
513,637 Maple Road,,Los Angeles,92050
514,638 Maple Road,,Los Angeles,91037
515,640 Maple Road,,Los Angeles,92540
516,641 Maple Road,,Los Angeles,90546
517,642 Maple Road,,Los Angeles,90012
518,643 Maple Road,,Los Angeles,93549
519,644 Maple Road,,Los Angeles,92220
520,645 Maple Road,,Los Angeles,91201
521,646 Maple Road,,Los Angeles,90799
522,647 Maple Road,,Los Angeles,93378
523,648 Maple Road,,Los Angeles,91463
524,649 Maple Road,,Los Angeles,93599
525,650 Maple Road,,Los Angeles,93164
526,651 Maple Road,,Los Angeles,92557
527,652 Maple Road,,Los Angeles,91781
528,653 Maple Road,,Los Angeles,91500
529,654 Maple Road,,Los Angeles,93355
530,655 Maple Road,,Los Angeles,91397
531,656 Maple Road,,Los Angeles,92518
532,657 Maple Road,,Los Angeles,93446
533,658 Maple Road,,Los Angeles,91579
534,660 Maple Road,,Los Angeles,90567
535,661 Maple Road,,Los Angeles,90521
536,663 Maple Road,,Los Angeles,91772
537,664 Maple Road,,Los Angeles,90118
538,665 Maple Road,,Los Angeles,90906
539,666 Maple Road,,Los Angeles,90100
540,667 Maple Road,,Los Angeles,90967
541,668 Maple Road,,Los Angeles,91909
542,669 Maple Road,,Los Angeles,92015
543,670 Maple Road,,Los Angeles,92170
544,671 Maple Road,,Los Angeles,91588
545,672 Maple Road,,Los Angeles,92677
546,673 Maple Road,,Los Angeles,93387
547,674 Maple Road,,Los Angeles,92355
548,675 Maple Road,,Los Angeles,92595
549,676 Maple Road,,Los Angeles,93564
550,677 Maple Road,,Los Angeles,91279
551,678 Maple Road,,Los Angeles,91321
552,679 Maple Road,,Los Angeles,90077
553,680 Maple Road,,Los Angeles,90305
554,681 Maple Road,,Los Angeles,93022
555,682 Maple Road,,Los Angeles,90358
556,683 Maple Road,,Los Angeles,91719
557,684 Maple Road,,Los Angeles,90069
558,685 Maple Road,,Los Angeles,92107
559,686 Maple Road,,Los Angeles,92048
560,687 Maple Road,,Los Angeles,91333
561,688 Maple Road,,Los Angeles,92881
562,689 Maple Road,,Los Angeles,90375
563,690 Maple Road,,Los Angeles,90445
564,691 Maple Road,,Los Angeles,90846
565,693 Maple Road,,Los Angeles,93265
566,694 Maple Road,,Los Angeles,93141
567,696 Maple Road,,Los Angeles,93210
568,697 Maple Road,,Los Angeles,91487
569,698 Maple Road,,Los Angeles,92156
570,699 Maple Road,,Los Angeles,93433
571,700 Maple Road,,Los Angeles,91670
572,701 Maple Road,,Los Angeles,92653
573,702 Maple Road,,Los Angeles,90941
574,703 Maple Road,,Los Angeles,92010
575,704 Maple Road,,Los Angeles,91832
576,705 Maple Road,,Los Angeles,90866
577,706 Maple Road,,Los Angeles,92399
578,707 Maple Road,,Los Angeles,90192
579,708 Maple Road,,Los Angeles,90601
580,709 Maple Road,,Los Angeles,93400
581,710 Maple Road,,Los Angeles,92939
582,711 Maple Road,,Los Angeles,90231
583,712 Maple Road,,Los Angeles,93013
584,713 Maple Road,,Los Angeles,90455
585,714 Maple Road,,Los Angeles,90535
586,715 Maple Road,,Los Angeles,91542
587,716 Maple Road,,Los Angeles,91859
588,717 Maple Road,,Los Angeles,90090
589,718 Maple Road,,Los Angeles,91896
590,719 Maple Road,,Los Angeles,91320
591,720 Maple Road,,Los Angeles,93115
592,721 Maple Road,,Los Angeles,93554
593,722 Maple Road,,Los Angeles,93340
594,723 Maple Road,,Los Angeles,90479
595,724 Maple Road,,Los Angeles,92110
596,725 Maple Road,,Los Angeles,92377
597,726 Maple Road,,Los Angeles,91955
598,727 Maple Road,,Los Angeles,93180
599,728 Maple Road,,Los Angeles,91961
600,729 Maple Road,,Los Angeles,91934
601,730 Maple Road,,Los Angeles,91447
602,731 Maple Road,,Los Angeles,92089
603,732 Maple Road,,Los Angeles,93052
604,733 Maple Road,,Los Angeles,90677
605,734 Maple Road,,Los Angeles,90525
606,735 Maple Road,,Los Angeles,92738
607,736 Maple Road,,Los Angeles,92126
608,737 Maple Road,,Los Angeles,92762
609,738 Maple Road,,Los Angeles,90383
610,739 Maple Road,,Los Angeles,91027
611,740 Maple Road,,Los Angeles,90127
612,741 Maple Road,,Los Angeles,92774
613,742 Maple Road,,Los Angeles,92644
614,743 Maple Road,,Los Angeles,90590
615,744 Maple Road,,Los Angeles,91624
616,745 Maple Road,,Los Angeles,90887
617,746 Maple Road,,Los Angeles,93408
618,747 Maple Road,,Los Angeles,90384
619,748 Maple Road,,Los Angeles,91960
620,749 Maple Road,,Los Angeles,91929
621,750 Maple Road,,Los Angeles,93580
622,751 Maple Road,,Los Angeles,91252
623,753 Maple Road,,Los Angeles,93202
624,754 Maple Road,,Los Angeles,91819
625,755 Maple Road,,Los Angeles,91914
626,756 Maple Road,,Los Angeles,91428
627,757 Maple Road,,Los Angeles,90297
628,758 Maple Road,,Los Angeles,91033
629,759 Maple Road,,Los Angeles,93418
630,760 Maple Road,,Los Angeles,90711
631,761 Maple Road,,Los Angeles,91923
632,762 Maple Road,,Los Angeles,91795
633,763 Maple Road,,Los Angeles,90324
634,764 Maple Road,,Los Angeles,91328
635,765 Maple Road,,Los Angeles,90267
636,766 Maple Road,,Los Angeles,92663
637,767 Maple Road,,Los Angeles,91645
638,768 Maple Road,,Los Angeles,90170
639,769 Maple Road,,Los Angeles,93282
640,770 Maple Road,,Los Angeles,92386
641,771 Maple Road,,Los Angeles,92701
642,772 Maple Road,,Los Angeles,90962
643,773 Maple Road,,Los Angeles,92826
644,774 Maple Road,,Los Angeles,92956
645,775 Maple Road,,Los Angeles,92445
646,776 Maple Road,,Los Angeles,91494
647,777 Maple Road,,Los Angeles,93104
648,778 Maple Road,,Los Angeles,90939
649,779 Maple Road,,Los Angeles,93464
650,780 Maple Road,,Los Angeles,91555
651,781 Maple Road,,Los Angeles,93039
652,782 Maple Road,,Los Angeles,92339
653,783 Maple Road,,Los Angeles,93258
654,784 Maple Road,,Los Angeles,91990
655,785 Maple Road,,Los Angeles,92559
656,786 Maple Road,,Los Angeles,91459
657,787 Maple Road,,Los Angeles,90367
658,788 Maple Road,,Los Angeles,90745
659,789 Maple Road,,Los Angeles,90380
660,790 Maple Road,,Los Angeles,91353
661,791 Maple Road,,Los Angeles,90112
662,792 Maple Road,,Los Angeles,92401
663,793 Maple Road,,Los Angeles,90982
664,794 Maple Road,,Los Angeles,92270
665,795 Maple Road,,Los Angeles,93300
666,796 Maple Road,,Los Angeles,92194
667,797 Maple Road,,Los Angeles,93331
668,798 Maple Road,,Los Angeles,92654
669,799 Maple Road,,Los Angeles,93319
670,801 Maple Road,,Los Angeles,92134
671,802 Maple Road,,Los Angeles,91515
672,803 Maple Road,,Los Angeles,91169
673,805 Maple Road,,Los Angeles,90423
674,806 Maple Road,,Los Angeles,91104
675,807 Maple Road,,Los Angeles,92019
676,808 Maple Road,,Los Angeles,92353
677,809 Maple Road,,Los Angeles,91455
678,810 Maple Road,,Los Angeles,91676
679,811 Maple Road,,Los Angeles,91945
680,812 Maple Road,,Los Angeles,92214
681,813 Maple Road,,Los Angeles,92600
682,814 Maple Road,,Los Angeles,91132
683,815 Maple Road,,Los Angeles,91797
684,816 Maple Road,,Los Angeles,90466
685,817 Maple Road,,Los Angeles,92379
686,818 Maple Road,,Los Angeles,91084
687,820 Maple Road,,Los Angeles,90558
688,822 Maple Road,,Los Angeles,93087
689,823 Maple Road,,Los Angeles,91763
690,824 Maple Road,,Los Angeles,92995
691,825 Maple Road,,Los Angeles,90637
692,826 Maple Road,,Los Angeles,90659
693,827 Maple Road,,Los Angeles,90765
694,828 Maple Road,,Los Angeles,91608
695,829 Maple Road,,Los Angeles,90933
696,830 Maple Road,,Los Angeles,93455
697,831 Maple Road,,Los Angeles,91399
698,832 Maple Road,,Los Angeles,93046
699,833 Maple Road,,Los Angeles,92434
700,834 Maple Road,,Los Angeles,90205
701,835 Maple Road,,Los Angeles,91383
702,836 Maple Road,,Los Angeles,93253
703,837 Maple Road,,Los Angeles,91497
704,838 Maple Road,,Los Angeles,93212
705,839 Maple Road,,Los Angeles,91222
706,840 Maple Road,,Los Angeles,93333
707,841 Maple Road,,Los Angeles,90416
708,842 Maple Road,,Los Angeles,92182
709,843 Maple Road,,Los Angeles,90813
710,844 Maple Road,,Los Angeles,91943
711,845 Maple Road,,Los Angeles,90502
712,846 Maple Road,,Los Angeles,93486
713,847 Maple Road,,Los Angeles,92787
714,848 Maple Road,,Los Angeles,93090
715,849 Maple Road,,Los Angeles,90561
716,850 Maple Road,,Los Angeles,92865
717,851 Maple Road,,Los Angeles,93384
718,852 Maple Road,,Los Angeles,90533
719,853 Maple Road,,Los Angeles,92363
720,855 Maple Road,,Los Angeles,93007
721,856 Maple Road,,Los Angeles,92344
722,857 Maple Road,,Los Angeles,93314
723,859 Maple Road,,Los Angeles,90673
724,860 Maple Road,,Los Angeles,92516
725,861 Maple Road,,Los Angeles,90099
726,862 Maple Road,,Los Angeles,90026
727,863 Maple Road,,Los Angeles,90188
728,864 Maple Road,,Los Angeles,91100
729,865 Maple Road,,Los Angeles,93138
730,866 Maple Road,,Los Angeles,90478
731,867 Maple Road,,Los Angeles,91852
732,868 Maple Road,,Los Angeles,90264
733,869 Maple Road,,Los Angeles,91677
734,870 Maple Road,,Los Angeles,90449
735,871 Maple Road,,Los Angeles,91406
736,872 Maple Road,,Los Angeles,91639
737,873 Maple Road,,Los Angeles,91636
738,874 Maple Road,,Los Angeles,90093
739,875 Maple Road,,Los Angeles,92396
740,876 Maple Road,,Los Angeles,90200
741,877 Maple Road,,Los Angeles,91095
742,878 Maple Road,,Los Angeles,93312
743,879 Maple Road,,Los Angeles,92150
744,880 Maple Road,,Los Angeles,90014
745,881 Maple Road,,Los Angeles,92462
746,882 Maple Road,,Los Angeles,93593
747,883 Maple Road,,Los Angeles,93556
748,884 Maple Road,,Los Angeles,91714
749,885 Maple Road,,Los Angeles,91121
750,887 Maple Road,,Los Angeles,90715
751,888 Maple Road,,Los Angeles,90717
752,889 Maple Road,,Los Angeles,90169
753,890 Maple Road,,Los Angeles,92471
754,891 Maple Road,,Los Angeles,92095
755,892 Maple Road,,Los Angeles,93254
756,893 Maple Road,,Los Angeles,90903
757,894 Maple Road,,Los Angeles,91170
758,895 Maple Road,,Los Angeles,93558
759,896 Maple Road,,Los Angeles,90476
760,897 Maple Road,,Los Angeles,93117
761,898 Maple Road,,Los Angeles,90923
762,899 Maple Road,,Los Angeles,91998
763,900 Maple Road,,Los Angeles,91767
764,901 Maple Road,,Los Angeles,91498
765,902 Maple Road,,Los Angeles,93222
766,903 Maple Road,,Los Angeles,93436
767,904 Maple Road,,Los Angeles,90860
768,905 Maple Road,,Los Angeles,90225
769,906 Maple Road,,Los Angeles,91538
770,907 Maple Road,,Los Angeles,92027
771,908 Maple Road,,Los Angeles,90825
772,909 Maple Road,,Los Angeles,91259
773,910 Maple Road,,Los Angeles,91056
774,911 Maple Road,,Los Angeles,92949
775,912 Maple Road,,Los Angeles,90826
776,913 Maple Road,,Los Angeles,91525
777,914 Maple Road,,Los Angeles,91141
778,915 Maple Road,,Los Angeles,93018
779,916 Maple Road,,Los Angeles,92307
780,917 Maple Road,,Los Angeles,90581
781,918 Maple Road,,Los Angeles,90218
782,919 Maple Road,,Los Angeles,93390
783,920 Maple Road,,Los Angeles,92261
784,921 Maple Road,,Los Angeles,90773
785,922 Maple Road,,Los Angeles,90018
786,923 Maple Road,,Los Angeles,91574
787,924 Maple Road,,Los Angeles,92267
788,926 Maple Road,,Los Angeles,91765
789,927 Maple Road,,Los Angeles,92480
790,929 Maple Road,,Los Angeles,91079
791,930 Maple Road,,Los Angeles,90098
792,931 Maple Road,,Los Angeles,91323
793,932 Maple Road,,Los Angeles,92125
794,933 Maple Road,,Los Angeles,92109
795,934 Maple Road,,Los Angeles,92433
796,935 Maple Road,,Los Angeles,90492
797,936 Maple Road,,Los Angeles,91842
798,937 Maple Road,,Los Angeles,92838
799,938 Maple Road,,Los Angeles,91432
800,939 Maple Road,,Los Angeles,90548
801,940 Maple Road,,Los Angeles,93027
802,941 Maple Road,,Los Angeles,90286
803,942 Maple Road,,Los Angeles,92185
804,943 Maple Road,,Los Angeles,91437
805,944 Maple Road,,Los Angeles,93483
806,945 Maple Road,,Los Angeles,90211
807,946 Maple Road,,Los Angeles,92968
808,947 Maple Road,,Los Angeles,91347
809,948 Maple Road,,Los Angeles,91779
810,949 Maple Road,,Los Angeles,93586
811,950 Maple Road,,Los Angeles,93170
812,951 Maple Road,,Los Angeles,90986
813,952 Maple Road,,Los Angeles,91693
814,953 Maple Road,,Los Angeles,92702
815,954 Maple Road,,Los Angeles,90473
816,955 Maple Road,,Los Angeles,93140
817,956 Maple Road,,Los Angeles,92630
818,957 Maple Road,,Los Angeles,93576
819,958 Maple Road,,Los Angeles,91481
820,959 Maple Road,,Los Angeles,93165
821,960 Maple Road,,Los Angeles,91172
822,961 Maple Road,,Los Angeles,91402
823,962 Maple Road,,Los Angeles,92488
824,963 Maple Road,,Los Angeles,92453
825,965 Maple Road,,Los Angeles,93298
826,966 Maple Road,,Los Angeles,92022
827,967 Maple Road,,Los Angeles,90839
828,968 Maple Road,,Los Angeles,91681
829,970 Maple Road,,Los Angeles,90400
830,971 Maple Road,,Los Angeles,92246
831,972 Maple Road,,Los Angeles,91074
832,973 Maple Road,,Los Angeles,91586
833,975 Maple Road,,Los Angeles,92505
834,976 Maple Road,,Los Angeles,91871
835,977 Maple Road,,Los Angeles,93153
836,978 Maple Road,,Los Angeles,91977
837,979 Maple Road,,Los Angeles,91232
838,980 Maple Road,,Los Angeles,92770
839,981 Maple Road,,Los Angeles,91452
840,982 Maple Road,,Los Angeles,90510
841,983 Maple Road,,Los Angeles,91947
842,984 Maple Road,,Los Angeles,91081
843,985 Maple Road,,Los Angeles,91938
844,986 Maple Road,,Los Angeles,91609
845,987 Maple Road,,Los Angeles,92124
846,988 Maple Road,,Los Angeles,91687
847,989 Maple Road,,Los Angeles,90407
848,990 Maple Road,,Los Angeles,91255
849,991 Maple Road,,Los Angeles,90034
850,992 Maple Road,,Los Angeles,91607
851,993 Maple Road,,Los Angeles,92863
852,994 Maple Road,,Los Angeles,90187
853,995 Maple Road,,Los Angeles,91105
854,996 Maple Road,,Los Angeles,90389
855,997 Maple Road,,Los Angeles,90679
856,998 Maple Road,,Los Angeles,91257
857,999 Maple Road,,Los Angeles,92061